"837,AGHIA MARINA,52"
"837,AGHIA VARVARA,52"
"830,AGHIA MARINA,58"
"830,AGHIA VARVARA,58"
"892,AGHIA VARVARA,60"
"892,AGHIA MARINA,60"
"876,AGHIA MARINA,67"
"891,AGHIA MARINA,27"
"866,AGHIA MARINA,65"
"836,AGHIA MARINA,3"
"803,AGHIA MARINA,50"
"868,AGHIA MARINA,6"
"876,AGHIA MARINA,67"
"807,AGHIA VARVARA,51"
"831,AGHIA VARVARA,151"
"750,AGHIA VARVARA,92"
"806,AGHIA VARVARA,55"
"856,AGHIA VARVARA,147"
"836,METAXOURGHIO,3"
"836,MONASTIRAKI,3"
"836,THISIO,3"
"876,METAXOURGHIO,67"
"876,MONASTIRAKI,67"
"876,THISIO,67"
"866,METAXOURGHIO,65"
"866,MONASTIRAKI,65"
"866,THISIO,65"
"036,KATEHAKI,48"
"402,KATEHAKI,102"
"813,AMBELOKIPI,120"
"A13,METAXOURGHIO,179"
"A13,OMONIA,179"
"021,OMONIA,71"
"021,PANEPISTIMIO,71"
"035,KALLITHEA,153"
"035,TAVROS,153"
"049,OMONIA,127"
"049,PANEPISTIMIO,127"
"057,SEPOLIA,55"
"046,OMONIA,89"
"046,VIKTORIA,89"
"19,OMONIA,5"
"19,VIKTORIA,5"
"18,OMONIA,64"
"18,VIKTORIA,64"
"19B,OMONIA,29"
"19B,VIKTORIA,29"
"046,KATEHAKI,89"
"242,KATEHAKI,89"
"A8,OMONIA,161"
"A8,VIKTORIA,161"
"B12,OMONIA,171"
"B12,VIKTORIA,171"
"A8,NERATZIOTISSA,161"
"410,NERATZIOTISSA,47"
"740,NERATZIOTISSA,49"
"E14,NERATZIOTISSA,90"
"560,KIFISSIA,34"
"523,KIFISSIA,33"
"522,KIFISSIA,33"
"530,KIFISSIA,96"
"526,KIFISSIA,28"
"524,KIFISSIA,29"
"A11,LARISSA STATION,101"
"A11,METAXOURGHIO,101"
"A11,OMONIA,101"
"B11,LARISSA STATION,97"
"B11,METAXOURGHIO,97"
"B11,OMONIA,97"
"A15,ATTIKI,196"
"A15,LARISSA STATION,196"
"A15,METAXOURGHIO,196"
"B15,ATTIKI,32"
"B15,LARISSA STATION,32"
"B15,METAXOURGHIO,32"
"A10,ATTIKI,117"
"A10,LARISSA STATION,117"
"A10,METAXOURGHIO,117"
"891,AGHIA VARVARA,27"
"14,PANORMOU,155"
"B9,METAXOURGHIO,161"
"B9,OMONIA,161"
"871,PIRAEUS,34"
"845,PIRAEUS,108"
"500,PIRAEUS,9"
"906,PIRAEUS,77"
"300,PIRAEUS,37"
"904,PIRAEUS,60"
"218,PIRAEUS,136"
"801,PIRAEUS,1"
"871T,PIRAEUS,5"
"X96,PIRAEUS,63"
"E90,PIRAEUS,8"
"803,PIRAEUS,50"
"824,PIRAEUS,76"
"500,KIFISSIA,9"
"550,KIFISSIA,184"
"A7,KIFISSIA,150"
"X14,KIFISSIA,13"
"856,AGHIOS DIMITRIOS,147"
"212,DAFNI,78"
"141,DAFNI,86"
"218,DAFNI,136"
"219,DAFNI,148"
"816,DAFNI,4"
"X97,DAFNI,17"
"131,DAFNI,58"
"164,AGHIOS DIMITRIOS,106"
"109,AGHIOS DIMITRIOS,56"
"022,PANEPISTIMIO,97"
"022,SYNTAGMA,97"
"304,NOMISMATOKOPIO,69"
"305,NOMISMATOKOPIO,68"
"308,NOMISMATOKOPIO,105"
"316,NOMISMATOKOPIO,3"
"910,ACROPOLI,64"
"910,NEOS KOSMOS,64"
"910,SYNGROU-FIX,64"
"B2,ACROPOLI,64"
"B2,NEOS KOSMOS,64"
"B2,SYNGROU-FIX,64"
"17,DIMOTIKO THEATRO,68"
"17,PIRAEUS,68"
"20,FALIRO,111"
"503,KAT,28"
"503,KIFISSIA,28"
"507,KAT,87"
"507,KIFISSIA,87"
"536,KAT,114"
"536,KIFISSIA,114"
"535,KAT,12"
"535,KIFISSIA,12"
"509,KAT,101"
"509,KIFISSIA,101"
"535A,KAT,5"
"535A,KIFISSIA,5"
"142,ARGYROUPOLI,22"
"171,ARGYROUPOLI,65"
"230,MONASTIRAKI,153"
"230,SYNGROU-FIX,153"
"230,THISIO,153"
"227,PETRALONA,101"
"227,TAVROS,101"
"217,DAFNI,57"
"229,DAFNI,59"
"703,AGHIOS ELEFTHERIOS,133"
"6,OMONIA,126"
"6,PANEPISTIMIO,126"
"3,PERISSOS,162"
"11,AGHIOS ELEFTHERIOS,171"
"11,ANO PATISSIA,171"
"040,PANEPISTIMIO,253"
"040,SYNTAGMA,253"
"X14,ACROPOLI,13"
"X14,SYNTAGMA,13"
"12,ACROPOLI,130"
"12,SYNTAGMA,130"
"E14,ACROPOLI,90"
"E14,SYNTAGMA,90"
"15,PETRALONA,92"
"1,ATTIKI,90"
"1,LARISSA STATION,90"
"4,AGHIOS IOANNIS,129"
"4,NEOS KOSMOS,129"
"19,HALANDRI,5"
"201,AGHIOS DIMITRIOS,29"
"X95,PANEPISTIMIO,162"
"X95,SYNTAGMA,162"
"307,DOUK PLAKENTIAS,66"
"306,DOUK PLAKENTIAS,28"
"302,DOUK PLAKENTIAS,54"
"319,DOUK PLAKENTIAS,44"
"411,DOUK PLAKENTIAS,32"
"301,DOUK PLAKENTIAS,21"
"301B,DOUK PLAKENTIAS,4"
"314,DOUK PLAKENTIAS,75"
"407,DOUK PLAKENTIAS,54"
"405,HALANDRI,37"
"450,HALANDRI,74"
"451,HALANDRI,37"
"460,HALANDRI,77"
"461,HALANDRI,37"
"21,NIKAIA,98"
"A7,OMONIA,150"
"A7,VIKTORIA,150"
"444,IRINI,24"
"602,IRAKLIO,55"
"642,IRAKLIO,47"
"B10,ATTIKI,116"
"B10,LARISSA STATION,116"
"B10,METAXOURGHIO,116"
"728,ATTIKI,40"
"728,LARISSA STATION,40"
"728,METAXOURGHIO,40"
"A5,PANEPISTIMIO,144"
"A5,SYNTAGMA,144"
"060,PANEPISTIMIO,34"
"060,SYNTAGMA,34"
"823,AGHIOS ANTONIOS,73"
"822,AGHIOS ANTONIOS,115"
"706,AGHIOS ANTONIOS,48"
"653,AMBELOKIPI,32"
"653,PANORMOU,32"
"914,MONASTIRAKI,16"
"914,OMONIA,16"
"914,PANEPISTIMIO,16"
"838,MONASTIRAKI,29"
"838,OMONIA,29"
"838,PANEPISTIMIO,29"
"915,MANIATIKA,86"
"915,NIKAIA,86"
"B5,LARISSA STATION,147"
"B5,METAXOURGHIO,147"
"446,MAROUSSI,74"
"410,MAROUSSI,47"
"543,KIFISSIA,29"
"543A,KIFISSIA,9"
"911,KALLITHEA,18"
"911,TAVROS,18"
"219,KALLITHEA,148"
"219,TAVROS,148"
"911A,KALLITHEA,2"
"911A,TAVROS,2"
"816,KALLITHEA,4"
"421,AGHIA PARASKEVI,164"
"801,PIRAEUS,1"
"803,PIRAEUS,50"
"827,PIRAEUS,35"
"703,PIRAEUS,133"
"814,PIRAEUS,55"
"830,PIRAEUS,58"
"20,DIMOTIKO THEATRO,111"
"20,PIRAEUS,111"
"527,NERATZIOTISSA,24"
"025,MONASTIRAKI,72"
"025,OMONIA,72"
"025,PANEPISTIMIO,72"
"025,SYNTAGMA,72"
"026,MONASTIRAKI,74"
"026,OMONIA,74"
"026,PANEPISTIMIO,74"
"026,SYNTAGMA,74"
"500,ATTIKI,9"
"500,LARISSA STATION,9"
"500,VIKTORIA,9"
"831,AGHIA MARINA,151"
"829,AGHIA MARINA,63"
"828,NIKAIA,27"
"909,NIKAIA,114"
"640,IRAKLIO,34"
"731,ANTHOUPOLI,75"
"731,PERISTERI,75"
"700,ANTHOUPOLI,51"
"700,PERISTERI,51"
"703,ANTHOUPOLI,133"
"703,PERISTERI,133"
"25,AGHIOS ANTONIOS,39"
"823,ANTHOUPOLI,73"
"605,NEA IONIA,49"
"101,ALIMOS,40"
"790,ALIMOS,10"
"A3,ALIMOS,143"
"X97,ALIMOS,17"
"790,ARGYROUPOLI,10"
"A3,ARGYROUPOLI,143"
"B1,ARGYROUPOLI,56"
"101,ARGYROUPOLI,40"
"140,ARGYROUPOLI,83"
"201,ARGYROUPOLI,29"
"101,ELLINIKO,40"
"B1,ALIMOS,56"
"164,ALIMOS,106"
"140,ALIMOS,83"
"124,ARGYROUPOLI,42"
"154,ARGYROUPOLI,52"
"122,ARGYROUPOLI,87"
"405,DOUK PLAKENTIAS,37"
"447,DOUK PLAKENTIAS,72"
"451,DOUK PLAKENTIAS,37"
"416,ETHNIKI AMYNA,67"
"418,ETHNIKI AMYNA,58"
"790,AGHIOS ANTONIOS,10"
"890,AGHIA MARINA,2"
"841,NIKAIA,54"
"800,NIKAIA,43"
"820,NIKAIA,58"
"809,NIKAIA,55"
"827,NIKAIA,35"
"846,NIKAIA,56"
"164,ILIOUPOLI,106"
"915,PIRAEUS,86"
"711,ATTIKI,52"
"711,LARISSA STATION,52"
"B12,ATTIKI,171"
"B12,LARISSA STATION,171"
"140,ILIOUPOLI,83"
"201,ILIOUPOLI,29"
"750,KORYDALLOS,92"
"842,KORYDALLOS,55"
"806,KORYDALLOS,55"
"809,KORYDALLOS,55"
"830,KORYDALLOS,58"
"852,KORYDALLOS,40"
"21,KORYDALLOS,98"
"827,KORYDALLOS,35"
"831,NIKAIA,151"
"810,NIKAIA,56"
"830,NIKAIA,58"
"A2,OMONIA,148"
"A2,PANEPISTIMIO,148"
"A2,SYNTAGMA,148"
"A3,OMONIA,143"
"A3,PANEPISTIMIO,143"
"A3,SYNTAGMA,143"
"115,OMONIA,6"
"115,PANEPISTIMIO,6"
"115,SYNTAGMA,6"
"052,ELEONAS,43"
"220,MEGARO MOUSSIKIS,81"
"444,NERATZIOTISSA,24"
"810,KORYDALLOS,56"
"421,PERISSOS,164"
"205,ELLINIKO,92"
"790,ELLINIKO,10"
"A3,ELLINIKO,143"
"171,ELLINIKO,65"
"122,ELLINIKO,87"
"790,AGHIOS IOANNIS,10"
"790,DAFNI,10"
"A3,AGHIOS IOANNIS,143"
"A3,DAFNI,143"
"218,AGHIOS IOANNIS,136"
"218,NEOS KOSMOS,136"
"112,DAFNI,54"
"164,DAFNI,106"
"112,AGHIOS IOANNIS,54"
"164,AGHIOS IOANNIS,106"
"206,AGHIOS IOANNIS,82"
"206,DAFNI,82"
"237,AGHIOS IOANNIS,79"
"237,DAFNI,79"
"137,NEOS KOSMOS,46"
"815,MEGARO MOUSSIKIS,78"
"622,MEGARO MOUSSIKIS,80"
"235,MEGARO MOUSSIKIS,66"
"608,MEGARO MOUSSIKIS,288"
"032,MEGARO MOUSSIKIS,3"
"140,MEGARO MOUSSIKIS,83"
"235,AMBELOKIPI,66"
"608,AMBELOKIPI,288"
"914,MOSCHATO,16"
"420,MOSCHATO,110"
"838,MOSCHATO,29"
"049,MOSCHATO,127"
"860,MOSCHATO,64"
"101,ILIOUPOLI,40"
"790,ILIOUPOLI,10"
"A3,ILIOUPOLI,143"
"X97,ILIOUPOLI,17"
"109,ILIOUPOLI,56"
"790,AGHIOS DIMITRIOS,10"
"A3,AGHIOS DIMITRIOS,143"
"X97,AGHIOS DIMITRIOS,17"
"A8,IRAKLIO,161"
"500,IRAKLIO,9"
"640,NEA IONIA,34"
"250,MEGARO MOUSSIKIS,92"
"221,MEGARO MOUSSIKIS,42"
"5,PETRALONA,147"
"1,PETRALONA,90"
"500,KALLITHEA,9"
"218,KALLITHEA,136"
"500,TAVROS,9"
"218,TAVROS,136"
"816,TAVROS,4"
"500,PETRALONA,9"
"5,TAVROS,147"
"1,TAVROS,90"
"040,TAVROS,253"
"040,KALLITHEA,253"
"5,KALLITHEA,147"
"1,KALLITHEA,90"
"500,KAT,9"
"550,KAT,184"
"A7,KAT,150"
"X14,KAT,13"
"721,KIFISSIA,43"
"504,KIFISSIA,60"
"B9,KIFISSIA,161"
"530,KAT,96"
"501,KAT,19"
"501,KIFISSIA,19"
"721,KAT,43"
"504,KAT,60"
"831,KORYDALLOS,151"
"860,KORYDALLOS,64"
"809,AGHIA VARVARA,55"
"810,AGHIA VARVARA,56"
"305,AGHIA PARASKEVI,68"
"304,AGHIA PARASKEVI,69"
"308,AGHIA PARASKEVI,105"
"A5,AGHIA PARASKEVI,144"
"A5,NOMISMATOKOPIO,144"
"316,AGHIA PARASKEVI,3"
"407,AGHIA PARASKEVI,54"
"407,NOMISMATOKOPIO,54"
"406,AGHIA PARASKEVI,37"
"406,NOMISMATOKOPIO,37"
"B5,AGHIA PARASKEVI,147"
"B5,NOMISMATOKOPIO,147"
"406,DOUK PLAKENTIAS,37"
"406,HALANDRI,37"
"406,DOUK PLAKENTIAS,37"
"X95,NOMISMATOKOPIO,162"
"500,MOSCHATO,9"
"218,MOSCHATO,136"
"049,KALLITHEA,127"
"914,KALLITHEA,16"
"500,PEFKAKIA,9"
"500,PERISSOS,9"
"A8,PEFKAKIA,161"
"A8,PERISSOS,161"
"500,NEA IONIA,9"
"A8,NEA IONIA,161"
"602,NEA IONIA,55"
"605,PEFKAKIA,49"
"605,PERISSOS,49"
"602,PEFKAKIA,55"
"724,NEA IONIA,80"
"724,PEFKAKIA,80"
"604,NEA IONIA,11"
"604,PEFKAKIA,11"
"421,NEA IONIA,164"
"421,PEFKAKIA,164"
"6,PERISSOS,126"
"B9,PERISSOS,161"
"619,PERISSOS,47"
"755,PERISSOS,66"
"755B,PERISSOS,21"
"852,NIKAIA,40"
"841,KORYDALLOS,54"
"750,NIKAIA,92"
"814,NIKAIA,55"
"820,MANIATIKA,58"
"841,MANIATIKA,54"
"825,MANIATIKA,25"
"824,MANIATIKA,76"
"871T,MANIATIKA,5"
"871,MANIATIKA,34"
"846,KORYDALLOS,56"
"800,KORYDALLOS,43"
"814,MANIATIKA,55"
"909,MANIATIKA,114"
"750,MANIATIKA,92"
"300,DIMOTIKO THEATRO,37"
"904,DIMOTIKO THEATRO,60"
"906,DIMOTIKO THEATRO,77"
"229,DIMOTIKO THEATRO,59"
"229,PIRAEUS,59"
"130,DIMOTIKO THEATRO,36"
"130,PIRAEUS,36"
"049,DIMOTIKO THEATRO,127"
"049,PIRAEUS,127"
"040,DIMOTIKO THEATRO,253"
"040,PIRAEUS,253"
"909,DIMOTIKO THEATRO,114"
"909,PIRAEUS,114"
"A1,DIMOTIKO THEATRO,92"
"A1,PIRAEUS,92"
"B1,DIMOTIKO THEATRO,56"
"B1,PIRAEUS,56"
"217,DIMOTIKO THEATRO,57"
"217,PIRAEUS,57"
"112,AGHIOS DIMITRIOS,54"
"219,AGHIOS DIMITRIOS,148"
"816,AGHIOS DIMITRIOS,4"
"X96,DIMOTIKO THEATRO,63"
"831,DIMOTIKO THEATRO,151"
"831,PIRAEUS,151"
"16,DIMOTIKO THEATRO,55"
"16,PIRAEUS,55"
"420,DIMOTIKO THEATRO,110"
"420,PIRAEUS,110"
"828,DIMOTIKO THEATRO,27"
"828,PIRAEUS,27"
"859,PIRAEUS,31"
"843,PIRAEUS,207"
"832,DIMOTIKO THEATRO,37"
"832,PIRAEUS,37"
"833,DIMOTIKO THEATRO,38"
"833,PIRAEUS,38"
"859,DIMOTIKO THEATRO,31"
"843,DIMOTIKO THEATRO,207"
"E90,DIMOTIKO THEATRO,8"
"500,DIMOTIKO THEATRO,9"
"218,DIMOTIKO THEATRO,136"
"915,DIMOTIKO THEATRO,86"
"B1,FALIRO,56"
"500,FALIRO,9"
"A1,FALIRO,92"
"218,FALIRO,136"
"130,FALIRO,36"
"X96,FALIRO,63"
"040,FALIRO,253"
"E90,FALIRO,8"
"217,FALIRO,57"
"229,FALIRO,59"
"420,FALIRO,110"
"049,FALIRO,127"
"824,PIRAEUS,76"
"826,PIRAEUS,71"
"825,PIRAEUS,25"
"845,MANIATIKA,108"
"803,MANIATIKA,50"
"824,DIMOTIKO THEATRO,76"
"825,DIMOTIKO THEATRO,25"
"17,MANIATIKA,68"
"843,MANIATIKA,207"
"826,MANIATIKA,71"
"871T,MANIATIKA,5"
"826,DIMOTIKO THEATRO,71"
"827,DIMOTIKO THEATRO,35"
"809,PIRAEUS,55"
"810,PIRAEUS,56"
"846,PIRAEUS,56"
"801,DIMOTIKO THEATRO,1"
"803,DIMOTIKO THEATRO,50"
"703,DIMOTIKO THEATRO,133"
"845,DIMOTIKO THEATRO,108"
"814,DIMOTIKO THEATRO,55"
"830,DIMOTIKO THEATRO,58"
"827,MANIATIKA,35"
"830,MANIATIKA,58"
"800,MANIATIKA,43"
"809,DIMOTIKO THEATRO,55"
"810,DIMOTIKO THEATRO,56"
"846,DIMOTIKO THEATRO,56"
"112,ILIOUPOLI,54"
"A13,AGHIOS ANTONIOS,179"
"12,AGHIOS ANTONIOS,130"
"730,AGHIOS ANTONIOS,101"
"24,AGHIOS ANTONIOS,50"
"730,PERISTERI,101"
"748,AGHIOS ANTONIOS,45"
"748,PERISTERI,45"
"A13,PERISTERI,179"
"25,PERISTERI,39"
"12,PERISTERI,130"
"748,ANTHOUPOLI,45"
"A13,ANTHOUPOLI,179"
"891,AGHIOS ANTONIOS,27"
"891,ANTHOUPOLI,27"
"891,PERISTERI,27"
"892,AGHIOS ANTONIOS,60"
"892,ANTHOUPOLI,60"
"892,PERISTERI,60"
"25,ANTHOUPOLI,39"
"12,ANTHOUPOLI,130"
"24,ANTHOUPOLI,50"
"24,PERISTERI,50"
"747,ANTHOUPOLI,44"
"701,ANTHOUPOLI,29"
"705,ANTHOUPOLI,47"
"747,PERISTERI,44"
"701,PERISTERI,29"
"705,PERISTERI,47"
"822,PERISTERI,115"
"823,PERISTERI,73"
"822,ANTHOUPOLI,115"
"821,AGHIOS ANTONIOS,56"
"821,PERISTERI,56"
"420,SEPOLIA,110"
"X93,SEPOLIA,83"
"790,SEPOLIA,10"
"420,AGHIOS ANTONIOS,110"
"891,SEPOLIA,27"
"732,SEPOLIA,108"
"035,PETRALONA,153"
"856,AGHIOS IOANNIS,147"
"856,DAFNI,147"
"811,AGHIA MARINA,54"
"801,AGHIA MARINA,1"
"865,AGHIA MARINA,2"
"19,AGHIA PARASKEVI,5"
"461,AGHIA PARASKEVI,37"
"451,AGHIA PARASKEVI,37"
"450,DOUK PLAKENTIAS,74"
"450,AGHIA PARASKEVI,74"
"460,AGHIA PARASKEVI,77"
"X95,HOLARGOS,162"
"B5,HOLARGOS,147"
"416,HOLARGOS,67"
"416,NOMISMATOKOPIO,67"
"A5,HOLARGOS,144"
"447,HALANDRI,72"
"447,AGHIA PARASKEVI,72"
"461,DOUK PLAKENTIAS,37"
"A5,ETHNIKI AMYNA,144"
"B5,ETHNIKI AMYNA,147"
"418,HOLARGOS,58"
"409,ETHNIKI AMYNA,49"
"X97,ELLINIKO,17"
"154,ELLINIKO,52"
"124,ELLINIKO,42"
"856,PANEPISTIMIO,147"
"856,SYNTAGMA,147"
"230,PANEPISTIMIO,153"
"230,SYNTAGMA,153"
"224,OMONIA,176"
"224,PANEPISTIMIO,176"
"622,OMONIA,80"
"622,PANEPISTIMIO,80"
"608,OMONIA,288"
"608,PANEPISTIMIO,288"
"022,OMONIA,97"
"732,OMONIA,108"
"732,PANEPISTIMIO,108"
"605,AGHIOS ELEFTHERIOS,49"
"605,ANO PATISSIA,49"
"500,AGHIOS ELEFTHERIOS,9"
"500,ANO PATISSIA,9"
"444,AGHIOS ELEFTHERIOS,24"
"444,ANO PATISSIA,24"
"619,AGHIOS ELEFTHERIOS,47"
"619,ANO PATISSIA,47"
"5,AGHIOS ELEFTHERIOS,147"
"5,ANO PATISSIA,147"
"813,OMONIA,120"
"813,PANEPISTIMIO,120"
"A7,PANEPISTIMIO,150"
"230,OMONIA,153"
"227,PANEPISTIMIO,101"
"227,SYNTAGMA,101"
"203,PANEPISTIMIO,68"
"203,SYNTAGMA,68"
"235,PANEPISTIMIO,66"
"235,SYNTAGMA,66"
"12,PANEPISTIMIO,130"
"204B,PANEPISTIMIO,10"
"204B,SYNTAGMA,10"
"211,PANEPISTIMIO,57"
"211,SYNTAGMA,57"
"214,PANEPISTIMIO,98"
"214,SYNTAGMA,98"
"115,PANEPISTIMIO,6"
"115,SYNTAGMA,6"
"112,PANEPISTIMIO,54"
"112,SYNTAGMA,54"
"164,PANEPISTIMIO,106"
"164,SYNTAGMA,106"
"206,PANEPISTIMIO,82"
"206,SYNTAGMA,82"
"237,PANEPISTIMIO,79"
"237,SYNTAGMA,79"
"1,PANEPISTIMIO,90"
"1,SYNTAGMA,90"
"409,PANEPISTIMIO,49"
"409,SYNTAGMA,49"
"790,LARISSA STATION,10"
"790,METAXOURGHIO,10"
"1,METAXOURGHIO,90"
"224,VIKTORIA,176"
"035,VIKTORIA,153"
"046,AMBELOKIPI,89"
"046,PANORMOU,89"
"209,ACROPOLI,54"
"209,SYNTAGMA,54"
"5,ACROPOLI,147"
"5,SYNTAGMA,147"
"15,ACROPOLI,92"
"15,SYNTAGMA,92"
"1,ACROPOLI,90"
"1,SYNTAGMA,90"
"610,AMBELOKIPI,39"
"610,PANORMOU,39"
"035,OMONIA,153"
"035,PANEPISTIMIO,153"
"046,PANEPISTIMIO,89"
"B5,VIKTORIA,147"
"B5,OMONIA,147"
"6,LARISSA STATION,126"
"6,VIKTORIA,126"
"022,VIKTORIA,97"
"2,VIKTORIA,120"
"4,VIKTORIA,129"
"15,VIKTORIA,92"
"14,VIKTORIA,155"
"A7,AMBELOKIPI,150"
"230,AMBELOKIPI,153"
"B5,AMBELOKIPI,147"
"14,AMBELOKIPI,155"
"19,AMBELOKIPI,5"
"18,AMBELOKIPI,64"
"19B,AMBELOKIPI,29"
"224,SYNTAGMA,176"
"203,OMONIA,68"
"815,OMONIA,78"
"815,PANEPISTIMIO,78"
"815,SYNTAGMA,78"
"622,SYNTAGMA,80"
"220,OMONIA,81"
"220,PANEPISTIMIO,81"
"220,SYNTAGMA,81"
"235,OMONIA,66"
"608,SYNTAGMA,288"
"221,OMONIA,42"
"221,PANEPISTIMIO,42"
"221,SYNTAGMA,42"
"204B,OMONIA,10"
"211,OMONIA,57"
"214,OMONIA,98"
"732,SYNTAGMA,108"
"031,OMONIA,2"
"031,PANEPISTIMIO,2"
"031,SYNTAGMA,2"
"060,EVANGELISMOS,34"
"060,MEGARO MOUSSIKIS,34"
"060,AMBELOKIPI,34"
"032,EVANGELISMOS,3"
"622,VIKTORIA,80"
"608,VIKTORIA,288"
"057,OMONIA,55"
"057,PANEPISTIMIO,55"
"856,OMONIA,147"
"2,OMONIA,120"
"2,PANEPISTIMIO,120"
"4,OMONIA,129"
"4,PANEPISTIMIO,129"
"15,OMONIA,92"
"15,PANEPISTIMIO,92"
"790,OMONIA,10"
"790,PANEPISTIMIO,10"
"3,OMONIA,162"
"3,PANEPISTIMIO,162"
"5,OMONIA,147"
"5,PANEPISTIMIO,147"
"11,OMONIA,171"
"11,PANEPISTIMIO,171"
"500,OMONIA,9"
"500,PANEPISTIMIO,9"
"054,OMONIA,76"
"054,PANEPISTIMIO,76"
"A11,VIKTORIA,101"
"Γ12,LARISSA STATION,64"
"Γ12,METAXOURGHIO,64"
"Γ12,VIKTORIA,64"
"B11,VIKTORIA,97"
"A10,VIKTORIA,117"
"B10,VIKTORIA,116"
"B12,METAXOURGHIO,171"
"732,LARISSA STATION,108"
"732,METAXOURGHIO,108"
"732,VIKTORIA,108"
"A11,ATTIKI,101"
"Γ12,ATTIKI,64"
"B11,ATTIKI,97"
"732,ATTIKI,108"
"719,ATTIKI,66"
"719,LARISSA STATION,66"
"720,ATTIKI,54"
"720,LARISSA STATION,54"
"A11,AGHIOS NIKOLAOS,101"
"Γ12,AGHIOS NIKOLAOS,64"
"719,AGHIOS NIKOLAOS,66"
"B11,AGHIOS NIKOLAOS,97"
"A10,AGHIOS NIKOLAOS,117"
"B10,AGHIOS NIKOLAOS,116"
"720,AGHIOS NIKOLAOS,54"
"711,AGHIOS NIKOLAOS,52"
"B12,AGHIOS NIKOLAOS,171"
"227,OMONIA,101"
"B11,AGHIOS NIKOLAOS,97"
"B11,ATTIKI,97"
"A10,AGHIOS NIKOLAOS,117"
"A10,ATTIKI,117"
"B10,AGHIOS NIKOLAOS,116"
"B10,ATTIKI,116"
"B12,AGHIOS NIKOLAOS,171"
"B12,ATTIKI,171"
"728,AGHIOS NIKOLAOS,40"
"A11,AGHIOS NIKOLAOS,101"
"A11,ATTIKI,101"
"891,ATTIKI,27"
"891,LARISSA STATION,27"
"Γ12,OMONIA,64"
"A8,AGHIOS ELEFTHERIOS,161"
"A8,ANO PATISSIA,161"
"790,ATTIKI,10"
"057,LARISSA STATION,55"
"057,METAXOURGHIO,55"
"051,LARISSA STATION,120"
"051,METAXOURGHIO,120"
"057,ATTIKI,55"
"A13,THISIO,179"
"A13,LARISSA STATION,179"
"12,LARISSA STATION,130"
"12,METAXOURGHIO,130"
"A13,SEPOLIA,179"
"12,SEPOLIA,130"
"822,SEPOLIA,115"
"730,SEPOLIA,101"
"822,LARISSA STATION,115"
"730,LARISSA STATION,101"
"822,METAXOURGHIO,115"
"730,METAXOURGHIO,101"
"813,METAXOURGHIO,120"
"813,THISIO,120"
"822,THISIO,115"
"730,THISIO,101"
"A13,MONASTIRAKI,179"
"031,LARISSA STATION,2"
"031,METAXOURGHIO,2"
"025,METAXOURGHIO,72"
"230,ACROPOLI,153"
"025,KERAMEIKOS,72"
"A15,ELEONAS,196"
"B15,ELEONAS,32"
"A15,KERAMEIKOS,196"
"B15,KERAMEIKOS,32"
"B9,VIKTORIA,161"
"12,OMONIA,130"
"1,OMONIA,90"
"057,MONASTIRAKI,55"
"057,THISIO,55"
"12,MONASTIRAKI,130"
"12,THISIO,130"
"790,MONASTIRAKI,10"
"790,THISIO,10"
"1,MONASTIRAKI,90"
"1,THISIO,90"
"035,MONASTIRAKI,153"
"227,MONASTIRAKI,101"
"500,MONASTIRAKI,9"
"049,MONASTIRAKI,127"
"049,METAXOURGHIO,127"
"049,THISIO,127"
"914,METAXOURGHIO,16"
"914,THISIO,16"
"838,METAXOURGHIO,29"
"838,THISIO,29"
"813,MONASTIRAKI,120"
"500,METAXOURGHIO,9"
"500,THISIO,9"
"856,METAXOURGHIO,147"
"856,MONASTIRAKI,147"
"856,THISIO,147"
"815,METAXOURGHIO,78"
"815,MONASTIRAKI,78"
"815,THISIO,78"
"21,METAXOURGHIO,98"
"21,MONASTIRAKI,98"
"21,OMONIA,98"
"21,THISIO,98"
"841,METAXOURGHIO,54"
"841,MONASTIRAKI,54"
"841,OMONIA,54"
"841,THISIO,54"
"842,METAXOURGHIO,55"
"842,MONASTIRAKI,55"
"842,OMONIA,55"
"842,THISIO,55"
"035,METAXOURGHIO,153"
"035,THISIO,153"
"227,METAXOURGHIO,101"
"227,THISIO,101"
"866,METAXOURGHIO,65"
"866,THISIO,65"
"035,KERAMEIKOS,153"
"049,KERAMEIKOS,127"
"227,KERAMEIKOS,101"
"500,KERAMEIKOS,9"
"914,KERAMEIKOS,16"
"815,KERAMEIKOS,78"
"838,KERAMEIKOS,29"
"21,KERAMEIKOS,98"
"841,KERAMEIKOS,54"
"842,KERAMEIKOS,55"
"049,PETRALONA,127"
"914,PETRALONA,16"
"815,PETRALONA,78"
"838,PETRALONA,29"
"21,PETRALONA,98"
"841,PETRALONA,54"
"842,PETRALONA,55"
"837,METAXOURGHIO,52"
"837,THISIO,52"
"806,METAXOURGHIO,55"
"806,THISIO,55"
"811,METAXOURGHIO,54"
"811,THISIO,54"
"837,MONASTIRAKI,52"
"806,MONASTIRAKI,55"
"822,MONASTIRAKI,115"
"822,OMONIA,115"
"837,OMONIA,52"
"730,MONASTIRAKI,101"
"730,OMONIA,101"
"806,OMONIA,55"
"024,AGHIOS ELEFTHERIOS,16"
"856,KERAMEIKOS,147"
"836,KERAMEIKOS,3"
"876,KERAMEIKOS,67"
"866,KERAMEIKOS,65"
"813,KERAMEIKOS,120"
"026,KERAMEIKOS,74"
"813,ELEONAS,120"
"856,ELEONAS,147"
"836,ELEONAS,3"
"865,ELEONAS,2"
"876,ELEONAS,67"
"866,ELEONAS,65"
"837,ELEONAS,52"
"806,ELEONAS,55"
"811,ELEONAS,54"
"837,KERAMEIKOS,52"
"806,KERAMEIKOS,55"
"811,KERAMEIKOS,54"
"025,THISIO,72"
"026,THISIO,74"
"026,METAXOURGHIO,74"
"054,ANO PATISSIA,76"
"054,VIKTORIA,76"
"3,VIKTORIA,162"
"5,VIKTORIA,147"
"11,VIKTORIA,171"
"608,AGHIOS ELEFTHERIOS,288"
"036,PANORMOU,48"
"A8,KATO PATISSIA,161"
"3,KATO PATISSIA,162"
"5,KATO PATISSIA,147"
"14,KATO PATISSIA,155"
"11,KATO PATISSIA,171"
"3,AGHIOS ELEFTHERIOS,162"
"3,ANO PATISSIA,162"
"608,KATO PATISSIA,288"
"054,KATO PATISSIA,76"
"651,PANORMOU,39"
"815,EVANGELISMOS,78"
"622,EVANGELISMOS,80"
"220,EVANGELISMOS,81"
"235,EVANGELISMOS,66"
"608,EVANGELISMOS,288"
"221,EVANGELISMOS,42"
"A5,EVANGELISMOS,144"
"224,EVANGELISMOS,176"
"203,EVANGELISMOS,68"
"X14,EVANGELISMOS,13"
"X95,EVANGELISMOS,162"
"3,EVANGELISMOS,162"
"204B,EVANGELISMOS,10"
"211,EVANGELISMOS,57"
"214,EVANGELISMOS,98"
"E14,EVANGELISMOS,90"
"224,MEGARO MOUSSIKIS,176"
"250,EVANGELISMOS,92"
"031,EVANGELISMOS,2"
"031,MEGARO MOUSSIKIS,2"
"550,EVANGELISMOS,184"
"550,MEGARO MOUSSIKIS,184"
"X14,MEGARO MOUSSIKIS,13"
"X95,MEGARO MOUSSIKIS,162"
"A5,MEGARO MOUSSIKIS,144"
"3,MEGARO MOUSSIKIS,162"
"10,EVANGELISMOS,118"
"10,MEGARO MOUSSIKIS,118"
"E14,MEGARO MOUSSIKIS,90"
"550,AMBELOKIPI,184"
"X14,AMBELOKIPI,13"
"A5,AMBELOKIPI,144"
"3,AMBELOKIPI,162"
"10,AMBELOKIPI,118"
"E14,AMBELOKIPI,90"
"230,PANORMOU,153"
"B5,PANORMOU,147"
"550,PANORMOU,184"
"A7,PANORMOU,150"
"X14,PANORMOU,13"
"3,PANORMOU,162"
"10,PANORMOU,118"
"19,PANORMOU,5"
"18,PANORMOU,64"
"19B,PANORMOU,29"
"E14,PANORMOU,90"
"602,PANORMOU,55"
"051,OMONIA,120"
"813,SYNTAGMA,120"
"409,AMBELOKIPI,49"
"X95,AMBELOKIPI,162"
"409,MEGARO MOUSSIKIS,49"
"409,EVANGELISMOS,49"
"409,EVANGELISMOS,49"
"409,MEGARO MOUSSIKIS,49"
"3,SYNTAGMA,162"
"211,EVANGELISMOS,57"
"214,SYNTAGMA,98"
"A5,PANORMOU,144"
"B5,KATEHAKI,147"
"X95,KATEHAKI,162"
"A5,KATEHAKI,144"
"140,KATEHAKI,83"
"409,KATEHAKI,49"
"409,PANORMOU,49"
"815,AMBELOKIPI,78"
"622,AMBELOKIPI,80"
"140,AMBELOKIPI,83"
"032,AMBELOKIPI,3"
"2,MONASTIRAKI,120"
"2,SYNTAGMA,120"
"4,MONASTIRAKI,129"
"4,SYNTAGMA,129"
"11,MONASTIRAKI,171"
"11,SYNTAGMA,171"
"790,SYNTAGMA,10"
"209,PANEPISTIMIO,54"
"X14,PANEPISTIMIO,13"
"E14,PANEPISTIMIO,90"
"214,EVANGELISMOS,98"
"214,MEGARO MOUSSIKIS,98"
"021,SYNTAGMA,71"
"X95,PANORMOU,162"
"2,ACROPOLI,120"
"4,ACROPOLI,129"
"11,ACROPOLI,171"
"025,ACROPOLI,72"
"026,ACROPOLI,74"
"040,ACROPOLI,253"
"040,SYNGROU-FIX,253"
"5,SYNGROU-FIX,147"
"15,SYNGROU-FIX,92"
"A2,ACROPOLI,148"
"A2,SYNGROU-FIX,148"
"1,SYNGROU-FIX,90"
"040,NEOS KOSMOS,253"
"550,ACROPOLI,184"
"550,NEOS KOSMOS,184"
"550,SYNGROU-FIX,184"
"10,ACROPOLI,118"
"10,NEOS KOSMOS,118"
"10,SYNGROU-FIX,118"
"E90,ACROPOLI,8"
"E90,NEOS KOSMOS,8"
"E90,SYNGROU-FIX,8"
"A2,NEOS KOSMOS,148"
"106,NEOS KOSMOS,47"
"106,SYNGROU-FIX,47"
"126,NEOS KOSMOS,48"
"126,SYNGROU-FIX,48"
"137,SYNGROU-FIX,46"
"136,NEOS KOSMOS,45"
"136,SYNGROU-FIX,45"
"115,SYNGROU-FIX,6"
"115,NEOS KOSMOS,6"
"106,ACROPOLI,47"
"126,ACROPOLI,48"
"137,ACROPOLI,46"
"136,ACROPOLI,45"
"115,ACROPOLI,6"
"227,ACROPOLI,101"
"227,SYNGROU-FIX,101"
"856,ACROPOLI,147"
"856,SYNGROU-FIX,147"
"790,ACROPOLI,10"
"790,SYNGROU-FIX,10"
"A3,ACROPOLI,143"
"A3,SYNGROU-FIX,143"
"227,AGHIOS IOANNIS,101"
"227,NEOS KOSMOS,101"
"856,NEOS KOSMOS,147"
"790,NEOS KOSMOS,10"
"A3,NEOS KOSMOS,143"
"112,ACROPOLI,54"
"164,ACROPOLI,106"
"206,ACROPOLI,82"
"237,ACROPOLI,79"
"112,SYNGROU-FIX,54"
"164,SYNGROU-FIX,106"
"206,SYNGROU-FIX,82"
"237,SYNGROU-FIX,79"
"B9,LARISSA STATION,161"
"B9,ATTIKI,161"
"6,ATTIKI,126"
"500,AGHIOS NIKOLAOS,9"
"B9,AGHIOS NIKOLAOS,161"
"6,AGHIOS NIKOLAOS,126"
"500,KATO PATISSIA,9"
"B9,KATO PATISSIA,161"
"6,KATO PATISSIA,126"
"B9,AGHIOS ELEFTHERIOS,161"
"6,AGHIOS ELEFTHERIOS,126"
"024,KATO PATISSIA,16"
"755,AGHIOS ELEFTHERIOS,66"
"755,KATO PATISSIA,66"
"755B,AGHIOS ELEFTHERIOS,21"
"755B,KATO PATISSIA,21"
"B9,ANO PATISSIA,161"
"6,ANO PATISSIA,126"
"755,ANO PATISSIA,66"
"755B,ANO PATISSIA,21"
"703,ANO PATISSIA,133"
"024,AGHIOS NIKOLAOS,16"
"755,AGHIOS NIKOLAOS,66"
"735,AGHIOS NIKOLAOS,48"
"735,KATO PATISSIA,48"
"755B,AGHIOS NIKOLAOS,21"
"1,PANEPISTIMIO,90"
"5,MONASTIRAKI,147"
"15,MONASTIRAKI,92"
"106,PANEPISTIMIO,47"
"106,SYNTAGMA,47"
"5,OMONIA,147"
"5,PANEPISTIMIO,147"
"5,SYNTAGMA,147"
"15,OMONIA,92"
"15,PANEPISTIMIO,92"
"15,SYNTAGMA,92"
"11,OMONIA,171"
"11,PANEPISTIMIO,171"
"11,SYNTAGMA,171"
"12,OMONIA,130"
"12,PANEPISTIMIO,130"
"12,SYNTAGMA,130"
"790,OMONIA,10"
"790,PANEPISTIMIO,10"
"790,SYNTAGMA,10"
"211,OMONIA,57"
"211,PANEPISTIMIO,57"
"211,SYNTAGMA,57"
"214,OMONIA,98"
"214,PANEPISTIMIO,98"
"060,OMONIA,34"
"732,OMONIA,108"
"732,PANEPISTIMIO,108"
"732,SYNTAGMA,108"
"21,PANEPISTIMIO,98"
"6,SYNTAGMA,126"
"235,PANEPISTIMIO,66"
"235,SYNTAGMA,66"
"220,PANEPISTIMIO,81"
"220,SYNTAGMA,81"
"14,AGHIOS ELEFTHERIOS,155"
"14,ANO PATISSIA,155"
"140,PANORMOU,83"
"402,ETHNIKI AMYNA,102"
"140,ETHNIKI AMYNA,83"
"036,ETHNIKI AMYNA,48"
"11,SYNGROU-FIX,171"
"2,SYNGROU-FIX,120"
"4,SYNGROU-FIX,129"
"719,METAXOURGHIO,66"
"421,AGHIOS ELEFTHERIOS,164"
"421,ANO PATISSIA,164"
"X95,ETHNIKI AMYNA,162"
"836,EGALEO,3"
"856,EGALEO,147"
"876,EGALEO,67"
"866,EGALEO,65"
"865,EGALEO,2"
"801,EGALEO,1"
"829,EGALEO,63"
"852,EGALEO,40"
"750,EGALEO,92"
"807,EGALEO,51"
"891,EGALEO,27"
"803,EGALEO,50"
"837,EGALEO,52"
"806,EGALEO,55"
"811,EGALEO,54"
"813,EGALEO,120"
"420,EGALEO,110"
"420,ELEONAS,110"
"703,EGALEO,133"
"845,EGALEO,108"
"831,EGALEO,151"
"807,AGHIA MARINA,51"
"806,AGHIA MARINA,55"
"527,KAT,24"
"642,NERATZIOTISSA,47"
"109,ALIMOS,56"
"A8,MAROUSSI,161"
"500,MAROUSSI,9"
"A7,MAROUSSI,150"
"X14,MAROUSSI,13"
"550,MAROUSSI,184"
"541,MAROUSSI,16"
"500,IRINI,9"
"740,IRINI,49"
"A8,KAT,161"
"446,KAT,74"
"410,KAT,47"
"500,NERATZIOTISSA,9"
"501,MAROUSSI,19"
